Id,Age,SystolicBP,DiastolicBP,BloodGlucose,BodyTemp,HeartRate,RiskLevel,BodyTemp_C,RiskLabel
617,31,120,60,6.1,98.0,76,0,36.7,Low Risk
774,23,120,90,7.8,98.0,60,1,36.7,Mid Risk
610,13,90,65,7.5,101.0,80,2,38.3,High Risk
525,42,120,80,7.5,98.0,70,0,36.7,Low Risk
70,26,85,60,6.0,101.0,86,1,38.3,Mid Risk
600,50,130,100,16.0,98.0,75,2,36.7,High Risk
289,50,120,80,7.7,98.0,70,0,36.7,Low Risk
714,17,90,63,6.9,101.0,70,1,38.3,Mid Risk
898,35,100,70,7.9,98.0,60,0,36.7,Low Risk
899,19,120,85,7.9,98.0,60,0,36.7,Low Risk
770,23,100,85,6.9,98.0,66,1,36.7,Mid Risk
307,35,100,70,6.9,98.0,60,0,36.7,Low Risk
546,22,120,90,7.5,98.0,82,0,36.7,Low Risk
857,30,120,80,6.9,101.0,76,1,38.3,Mid Risk
622,42,120,80,7.5,98.0,70,0,36.7,Low Risk
534,30,120,80,7.5,101.0,76,1,38.3,Mid Risk
745,31,120,60,6.1,98.0,76,1,36.7,Mid Risk
570,29,130,70,7.5,98.0,78,1,36.7,Mid Risk
950,23,120,80,7.5,98.0,70,0,36.7,Low Risk
9,42,130,80,18.0,98.0,70,2,36.7,High Risk
621,32,120,90,7.5,98.0,70,0,36.7,Low Risk
814,23,120,75,8.0,98.0,70,1,36.7,Mid Risk
497,19,120,80,7.0,98.0,70,0,36.7,Low Risk
567,23,120,80,7.5,98.0,70,0,36.7,Low Risk
846,36,120,90,7.0,98.0,82,1,36.7,Mid Risk
970,17,90,65,6.1,103.0,67,2,39.4,High Risk
370,21,75,50,7.8,98.0,60,0,36.7,Low Risk
847,30,120,80,9.0,101.0,76,1,38.3,Mid Risk
455,35,120,60,6.1,98.0,76,0,36.7,Low Risk
704,12,100,50,6.0,98.0,70,1,36.7,Mid Risk
136,40,120,85,15.0,98.0,60,2,36.7,High Risk
96,29,130,70,7.8,98.0,78,1,36.7,Mid Risk
361,19,120,75,6.9,98.0,66,1,36.7,Mid Risk
332,23,130,70,6.9,98.0,70,1,36.7,Mid Risk
281,55,100,65,7.7,98.0,66,0,36.7,Low Risk
402,35,100,70,7.8,98.0,60,0,36.7,Low Risk
476,15,76,49,7.9,98.0,77,0,36.7,Low Risk
509,17,90,60,7.5,101.0,76,0,38.3,Low Risk
943,45,120,95,7.5,98.0,66,0,36.7,Low Risk
345,37,120,90,11.0,98.0,88,2,36.7,High Risk
679,35,85,60,11.0,102.0,86,2,38.9,High Risk
98,19,120,85,7.8,98.0,60,1,36.7,Mid Risk
228,48,120,80,11.0,98.0,88,2,36.7,High Risk
357,21,90,65,6.9,98.0,76,1,36.7,Mid Risk
571,17,85,60,7.5,102.0,86,0,38.9,Low Risk
746,29,130,70,6.7,98.0,78,1,36.7,Mid Risk
203,19,120,80,7.0,98.0,70,1,36.7,Mid Risk
212,19,120,85,7.0,98.0,60,0,36.7,Low Risk
539,32,140,90,18.0,98.0,88,2,36.7,High Risk
393,23,90,60,7.8,98.0,76,0,36.7,Low Risk
583,40,160,100,19.0,98.0,77,2,36.7,High Risk
49,15,120,80,7.0,98.0,70,0,36.7,Low Risk
728,20,110,60,7.0,100.0,70,1,37.8,Mid Risk
715,25,120,90,6.7,101.0,80,1,38.3,Mid Risk
717,13,90,65,7.9,101.0,80,1,38.3,Mid Risk
555,50,130,100,16.0,98.0,75,1,36.7,Mid Risk
1006,17,85,60,6.3,102.0,86,2,38.9,High Risk
400,22,100,65,7.8,98.0,80,0,36.7,Low Risk
433,27,120,70,6.8,98.0,77,0,36.7,Low Risk
478,48,120,80,11.0,98.0,88,0,36.7,Low Risk
438,30,120,80,6.8,98.0,70,1,36.7,Mid Risk
91,60,120,85,15.0,98.0,60,1,36.7,Mid Risk
527,19,120,80,7.0,98.0,70,0,36.7,Low Risk
275,21,75,50,7.7,98.0,60,0,36.7,Low Risk
609,22,120,85,7.5,98.0,88,0,36.7,Low Risk
64,31,120,60,6.1,98.0,76,1,36.7,Mid Risk
32,22,120,90,7.1,98.0,82,0,36.7,Low Risk
852,23,130,70,7.01,98.0,78,1,36.7,Mid Risk
507,18,120,80,7.9,102.0,76,1,38.9,Mid Risk
374,50,130,100,16.0,98.0,75,2,36.7,High Risk
820,28,115,60,7.5,101.0,86,1,38.3,Mid Risk
719,29,130,70,6.1,98.0,78,1,36.7,Mid Risk
475,19,120,80,7.0,98.0,70,1,36.7,Mid Risk
485,60,90,65,7.9,98.0,77,0,36.7,Low Risk
36,60,120,80,6.1,98.0,75,0,36.7,Low Risk
382,17,90,65,7.8,103.0,67,2,39.4,High Risk
22,21,90,65,7.5,98.0,76,0,36.7,Low Risk
267,12,90,60,8.0,102.0,66,2,38.9,High Risk
637,35,140,90,13.0,98.0,70,2,36.7,High Risk
362,40,160,100,19.0,98.0,77,2,36.7,High Risk
236,32,140,100,8.0,98.0,70,2,36.7,High Risk
689,40,160,100,19.0,98.0,77,2,36.7,High Risk
750,32,120,65,6.0,101.0,76,1,38.3,Mid Risk
791,60,120,80,6.8,98.0,77,1,36.7,Mid Risk
883,35,120,60,6.1,98.0,76,0,36.7,Low Risk
533,25,140,100,7.5,98.0,80,2,36.7,High Risk
597,22,90,60,7.5,102.0,60,2,38.9,High Risk
302,48,120,80,11.0,98.0,88,2,36.7,High Risk
647,29,130,70,8.0,98.0,78,1,36.7,Mid Risk
176,35,140,100,8.0,98.0,66,2,36.7,High Risk
659,36,120,90,7.0,98.0,82,1,36.7,Mid Risk
826,28,90,60,7.5,98.0,82,1,36.7,Mid Risk
84,21,90,65,6.9,98.0,76,1,36.7,Mid Risk
798,19,120,80,7.0,98.0,70,1,36.7,Mid Risk
106,50,140,90,15.0,98.0,90,2,36.7,High Risk
889,15,120,80,6.8,98.0,70,0,36.7,Low Risk
817,40,120,95,11.0,98.0,80,1,36.7,Mid Risk
271,21,120,80,7.0,98.0,77,0,36.7,Low Risk
269,23,100,85,7.0,98.0,66,0,36.7,Low Risk
700,15,120,80,6.6,99.0,70,0,37.2,Low Risk
749,20,110,60,7.0,100.0,70,1,37.8,Mid Risk
853,32,120,90,6.9,98.0,70,1,36.7,Mid Risk
707,32,120,90,6.9,98.0,70,1,36.7,Mid Risk
917,60,90,65,7.5,98.0,77,0,36.7,Low Risk
530,48,120,80,11.0,98.0,88,2,36.7,High Risk
768,16,100,70,6.9,98.0,80,1,36.7,Mid Risk
561,13,90,65,7.5,101.0,80,0,38.3,Low Risk
88,19,120,75,6.9,98.0,66,1,36.7,Mid Risk
243,32,120,65,6.0,101.0,76,1,38.3,Mid Risk
854,19,120,80,7.0,98.0,70,1,36.7,Mid Risk
442,35,85,60,11.0,102.0,86,2,38.9,High Risk
107,25,140,100,6.8,98.0,80,2,36.7,High Risk
523,17,85,60,7.5,102.0,86,0,38.9,Low Risk
79,21,90,60,6.9,98.0,86,1,36.7,Mid Risk
618,23,120,90,7.5,98.0,70,0,36.7,Low Risk
356,35,120,80,6.9,98.0,80,2,36.7,High Risk
75,23,130,70,6.9,98.0,70,1,36.7,Mid Risk
220,29,130,70,6.7,98.0,78,1,36.7,Mid Risk
596,21,75,50,7.5,98.0,60,0,36.7,Low Risk
748,19,120,80,7.0,98.0,70,1,36.7,Mid Risk
551,21,75,50,7.5,98.0,60,0,36.7,Low Risk
405,55,120,90,6.8,98.0,66,1,36.7,Mid Risk
816,30,120,80,7.5,101.0,76,1,38.3,Mid Risk
710,48,120,80,11.0,98.0,88,1,36.7,Mid Risk
924,42,120,80,7.5,98.0,70,0,36.7,Low Risk
501,15,120,80,7.9,98.0,70,0,36.7,Low Risk
804,31,110,90,6.8,100.0,70,1,37.8,Mid Risk
472,18,120,80,6.8,102.0,76,0,38.9,Low Risk
589,20,100,90,7.5,98.0,88,1,36.7,Mid Risk
736,25,120,90,6.7,101.0,80,1,38.3,Mid Risk
435,65,130,80,15.0,98.0,86,2,36.7,High Risk
359,21,120,80,6.9,98.0,76,1,36.7,Mid Risk
223,42,120,80,6.4,98.0,70,0,36.7,Low Risk
420,60,120,80,6.8,98.0,77,1,36.7,Mid Risk
865,29,130,70,6.1,98.0,78,1,36.7,Mid Risk
261,19,120,75,6.9,98.0,66,0,36.7,Low Risk
127,55,140,95,19.0,98.0,77,2,36.7,High Risk
1009,22,120,60,15.0,98.0,80,2,36.7,High Risk
665,15,90,49,6.0,98.0,77,0,36.7,Low Risk
517,50,120,80,7.5,98.0,70,0,36.7,Low Risk
894,19,120,75,7.9,98.0,70,0,36.7,Low Risk
325,22,90,65,6.9,98.0,78,0,36.7,Low Risk
459,32,120,90,6.8,98.0,70,0,36.7,Low Risk
448,30,120,75,6.8,98.0,70,1,36.7,Mid Risk
343,16,90,65,6.9,98.0,76,1,36.7,Mid Risk
181,60,120,85,15.0,98.0,60,2,36.7,High Risk
650,42,120,90,9.0,98.0,70,1,36.7,Mid Risk
971,28,83,60,8.0,101.0,86,2,38.3,High Risk
190,23,120,90,6.1,98.0,60,0,36.7,Low Risk
873,19,120,80,7.0,98.0,70,1,36.7,Mid Risk
800,32,120,80,6.8,98.0,70,1,36.7,Mid Risk
939,21,75,50,7.5,98.0,60,0,36.7,Low Risk
158,55,129,85,7.5,98.0,88,0,36.7,Low Risk
835,29,130,70,7.5,98.0,78,1,36.7,Mid Risk
34,21,75,50,6.1,98.0,70,0,36.7,Low Risk
285,13,90,65,9.0,101.0,80,2,38.3,High Risk
824,22,100,65,7.5,98.0,70,1,36.7,Mid Risk
957,14,90,65,7.0,101.0,70,2,38.3,High Risk
1004,13,90,65,9.0,101.0,80,2,38.3,High Risk
1001,60,120,85,15.0,98.0,60,2,36.7,High Risk
128,29,120,70,9.0,98.0,80,2,36.7,High Risk
646,23,120,85,8.0,98.0,70,0,36.7,Low Risk
806,25,120,80,7.9,98.0,66,1,36.7,Mid Risk
594,54,140,100,15.0,98.0,66,2,36.7,High Risk
175,21,120,80,7.1,98.0,77,0,36.7,Low Risk
101,25,120,80,6.8,98.0,66,1,36.7,Mid Risk
171,12,90,60,7.9,102.0,66,2,38.9,High Risk
946,13,90,65,7.5,101.0,80,0,38.3,Low Risk
875,32,120,65,6.0,101.0,76,1,38.3,Mid Risk
31,23,100,85,7.1,98.0,66,0,36.7,Low Risk
872,17,85,60,9.0,102.0,86,1,38.9,Mid Risk
959,17,110,75,12.0,101.0,76,2,38.3,High Risk
282,45,120,95,7.7,98.0,66,0,36.7,Low Risk
870,31,120,60,6.1,98.0,76,1,36.7,Mid Risk
202,23,90,60,7.5,98.0,76,0,36.7,Low Risk
845,42,120,90,9.0,98.0,70,1,36.7,Mid Risk
291,30,120,80,7.7,98.0,70,0,36.7,Low Risk
391,32,120,90,7.8,98.0,70,0,36.7,Low Risk
473,32,140,100,7.9,98.0,78,2,36.7,High Risk
4,35,120,60,6.1,98.0,76,0,36.7,Low Risk
510,17,90,63,7.5,101.0,70,0,38.3,Low Risk
514,15,80,60,7.5,98.0,80,0,36.7,Low Risk
90,22,120,90,7.8,98.0,82,1,36.7,Mid Risk
258,18,90,60,6.9,98.0,70,0,36.7,Low Risk
997,35,140,100,9.0,98.0,66,2,36.7,High Risk
535,16,70,50,7.5,100.0,70,0,37.8,Low Risk
133,54,140,100,15.0,98.0,66,2,36.7,High Risk
1,35,140,90,13.0,98.0,70,2,36.7,High Risk
799,30,120,75,6.8,98.0,70,1,36.7,Mid Risk
286,23,120,90,7.7,98.0,60,0,36.7,Low Risk
512,17,120,80,7.5,102.0,76,0,38.9,Low Risk
142,17,90,63,6.9,101.0,70,1,38.3,Mid Risk
739,31,120,60,6.1,98.0,76,1,36.7,Mid Risk
982,55,140,80,7.2,101.0,76,2,38.3,High Risk
952,32,120,90,7.5,98.0,70,0,36.7,Low Risk
733,18,120,80,6.9,102.0,76,1,38.9,Mid Risk
906,19,120,80,7.0,98.0,70,0,36.7,Low Risk
12,25,110,89,7.01,98.0,77,0,36.7,Low Risk
973,17,85,60,9.0,102.0,86,2,38.9,High Risk
922,17,85,60,7.5,102.0,86,0,38.9,Low Risk
636,50,130,80,15.0,98.0,86,2,36.7,High Risk
635,28,85,60,9.0,101.0,86,1,38.3,Mid Risk
358,18,90,60,6.9,98.0,70,1,36.7,Mid Risk
140,32,140,100,6.9,98.0,78,2,36.7,High Risk
949,59,120,80,7.5,98.0,70,0,36.7,Low Risk
658,25,140,100,12.0,99.0,80,2,37.2,High Risk
926,19,120,80,7.0,98.0,70,0,36.7,Low Risk
572,32,120,90,7.5,98.0,70,0,36.7,Low Risk
686,37,120,90,11.0,98.0,88,2,36.7,High Risk
811,18,120,80,7.9,102.0,76,1,38.9,Mid Risk
396,20,120,75,7.8,98.0,70,0,36.7,Low Risk
619,29,130,70,7.5,98.0,78,1,36.7,Mid Risk
579,15,120,80,7.5,98.0,70,0,36.7,Low Risk
582,19,120,76,7.5,98.0,66,0,36.7,Low Risk
477,19,120,75,7.9,98.0,70,0,36.7,Low Risk
708,19,120,80,7.0,98.0,70,1,36.7,Mid Risk
657,27,140,90,15.0,98.0,90,2,36.7,High Risk
913,25,120,90,7.5,101.0,80,0,38.3,Low Risk
297,42,120,80,7.7,98.0,70,0,36.7,Low Risk
100,55,120,90,6.8,98.0,66,1,36.7,Mid Risk
193,50,120,80,15.0,98.0,70,2,36.7,High Risk
731,48,120,80,11.0,98.0,88,1,36.7,Mid Risk
63,29,90,70,6.7,98.0,80,1,36.7,Mid Risk
74,44,120,90,16.0,98.0,80,1,36.7,Mid Risk
703,15,100,49,7.6,98.0,77,0,36.7,Low Risk
671,15,100,49,6.8,99.0,77,0,37.2,Low Risk
611,23,120,90,7.5,98.0,60,0,36.7,Low Risk
879,23,99,60,6.8,98.0,76,0,36.7,Low Risk
1011,35,85,60,19.0,98.0,86,2,36.7,High Risk
169,49,120,90,7.2,98.0,77,0,36.7,Low Risk
131,32,140,90,18.0,98.0,88,2,36.7,High Risk
607,45,120,95,7.5,98.0,66,0,36.7,Low Risk
62,12,95,60,7.2,98.0,77,0,36.7,Low Risk
623,23,90,60,7.5,98.0,76,0,36.7,Low Risk
493,17,85,60,7.9,102.0,86,0,38.9,Low Risk
927,15,78,49,7.5,98.0,77,0,36.7,Low Risk
73,54,130,70,12.0,98.0,67,1,36.7,Mid Risk
198,29,130,70,6.1,98.0,78,1,36.7,Mid Risk
432,40,140,100,13.0,101.0,66,2,38.3,High Risk
72,19,120,80,7.0,98.0,70,1,36.7,Mid Risk
529,23,120,75,8.0,98.0,70,1,36.7,Mid Risk
771,22,120,90,7.8,98.0,82,1,36.7,Mid Risk
344,12,95,60,6.9,98.0,77,0,36.7,Low Risk
495,42,120,80,7.9,98.0,70,0,36.7,Low Risk
709,20,120,75,7.01,100.0,70,1,37.8,Mid Risk
964,35,140,100,8.0,98.0,66,2,36.7,High Risk
296,32,120,90,7.7,98.0,70,0,36.7,Low Risk
95,50,120,80,7.8,98.0,70,1,36.7,Mid Risk
186,45,120,95,6.1,98.0,66,0,36.7,Low Risk
184,60,120,80,6.1,98.0,75,0,36.7,Low Risk
124,32,140,90,18.0,98.0,88,2,36.7,High Risk
757,22,85,60,6.9,98.0,76,1,36.7,Mid Risk
437,29,90,70,10.0,98.0,80,2,36.7,High Risk
766,18,90,60,6.9,98.0,70,1,36.7,Mid Risk
688,40,120,90,12.0,98.0,80,2,36.7,High Risk
322,65,90,60,6.9,98.0,70,0,36.7,Low Risk
699,34,120,75,8.0,98.0,70,0,36.7,Low Risk
360,16,100,70,6.9,98.0,80,1,36.7,Mid Risk
40,22,120,85,6.1,98.0,88,0,36.7,Low Risk
250,10,85,65,6.9,98.0,70,0,36.7,Low Risk
346,18,100,70,6.9,98.0,76,0,36.7,Low Risk
339,65,120,90,6.9,103.0,76,0,39.4,Low Risk
2,29,90,70,8.0,100.0,80,2,37.8,High Risk
931,22,100,65,7.5,98.0,70,0,36.7,Low Risk
723,29,90,70,6.7,98.0,80,1,36.7,Mid Risk
413,50,130,80,16.0,102.0,76,1,38.9,Mid Risk
958,37,120,90,11.0,98.0,88,2,36.7,High Risk
866,19,120,80,7.0,98.0,70,1,36.7,Mid Risk
454,32,120,80,6.8,98.0,70,1,36.7,Mid Risk
86,21,120,80,6.9,98.0,76,1,36.7,Mid Risk
0,25,130,80,15.0,98.0,86,2,36.7,High Risk
933,28,90,60,7.5,98.0,82,0,36.7,Low Risk
399,25,120,80,7.8,98.0,66,0,36.7,Low Risk
457,23,130,70,6.8,98.0,78,1,36.7,Mid Risk
916,15,80,60,7.5,98.0,80,0,36.7,Low Risk
722,50,140,80,6.7,98.0,70,1,36.7,Mid Risk
961,40,160,100,19.0,98.0,77,2,36.7,High Risk
191,17,90,65,6.1,103.0,67,2,39.4,High Risk
884,32,120,90,6.8,98.0,70,0,36.7,Low Risk
159,25,100,90,7.5,98.0,76,0,36.7,Low Risk
608,35,100,70,7.5,98.0,66,0,36.7,Low Risk
802,42,130,80,18.0,98.0,70,1,36.7,Mid Risk
409,35,100,70,6.8,98.0,60,1,36.7,Mid Risk
928,16,70,50,7.5,100.0,70,0,37.8,Low Risk
338,70,85,60,6.9,102.0,70,0,38.9,Low Risk
626,20,120,76,7.5,98.0,70,0,36.7,Low Risk
605,41,120,80,7.5,98.0,75,0,36.7,Low Risk
439,35,120,60,6.1,98.0,76,1,36.7,Mid Risk
702,21,90,50,6.9,98.0,60,0,36.7,Low Risk
330,35,120,60,6.9,98.0,70,0,36.7,Low Risk
460,42,130,80,18.0,98.0,70,1,36.7,Mid Risk
740,29,130,70,6.1,98.0,78,1,36.7,Mid Risk
580,24,120,80,7.5,98.0,66,0,36.7,Low Risk
601,60,120,80,7.5,98.0,75,1,36.7,Mid Risk
730,20,120,75,7.01,100.0,70,1,37.8,Mid Risk
664,21,90,50,6.9,98.0,60,0,36.7,Low Risk
264,22,100,65,6.9,98.0,70,0,36.7,Low Risk
52,35,100,70,7.0,98.0,60,0,36.7,Low Risk
751,26,85,60,6.0,101.0,86,1,38.3,Mid Risk
253,40,120,90,6.9,98.0,80,0,36.7,Low Risk
351,12,95,60,6.9,98.0,65,1,36.7,Mid Risk
199,17,85,60,9.0,102.0,86,2,38.9,High Risk
675,35,140,90,13.0,98.0,70,2,36.7,High Risk
789,55,100,70,6.8,101.0,80,1,38.3,Mid Risk
474,17,90,60,7.9,101.0,76,0,38.3,Low Risk
781,55,120,90,6.8,98.0,66,1,36.7,Mid Risk
711,30,120,80,6.9,101.0,76,1,38.3,Mid Risk
375,60,120,80,7.8,98.0,75,2,36.7,High Risk
566,29,120,70,9.0,98.0,80,2,36.7,High Risk
676,29,90,70,8.0,100.0,80,2,37.8,High Risk
747,17,85,60,9.0,102.0,86,1,38.9,Mid Risk
418,12,120,90,6.8,98.0,80,1,36.7,Mid Risk
445,23,99,60,6.8,98.0,76,0,36.7,Low Risk
543,12,90,60,7.5,102.0,66,0,38.9,Low Risk
536,16,100,70,7.5,98.0,80,0,36.7,Low Risk
441,23,130,70,6.8,98.0,78,1,36.7,Mid Risk
504,30,120,80,7.9,101.0,76,2,38.3,High Risk
371,12,90,60,7.8,102.0,60,2,38.9,High Risk
989,17,120,80,7.0,102.0,76,2,38.9,High Risk
279,50,130,100,16.0,98.0,76,2,36.7,High Risk
354,55,110,85,6.9,98.0,88,2,36.7,High Risk
207,15,120,80,7.0,98.0,70,0,36.7,Low Risk
61,15,80,60,7.0,98.0,80,0,36.7,Low Risk
672,15,100,49,6.0,99.0,77,0,37.2,Low Risk
662,40,120,95,7.0,98.0,70,2,36.7,High Risk
182,55,140,95,19.0,98.0,77,2,36.7,High Risk
115,25,140,100,7.9,98.0,80,2,36.7,High Risk
172,20,100,90,7.1,98.0,88,0,36.7,Low Risk
827,12,90,60,7.5,102.0,66,1,38.9,Mid Risk
542,28,90,60,7.5,98.0,82,0,36.7,Low Risk
578,48,120,80,11.0,98.0,88,2,36.7,High Risk
272,35,140,100,9.0,98.0,66,2,36.7,High Risk
837,19,120,85,9.0,98.0,60,1,36.7,Mid Risk
885,23,90,60,6.8,98.0,76,0,36.7,Low Risk
263,32,140,90,18.0,98.0,88,2,36.7,High Risk
921,23,120,90,7.5,98.0,70,0,36.7,Low Risk
39,35,100,70,6.1,98.0,66,0,36.7,Low Risk
550,40,120,95,11.0,98.0,80,1,36.7,Mid Risk
753,19,120,80,7.0,98.0,70,1,36.7,Mid Risk
755,44,120,90,16.0,98.0,80,1,36.7,Mid Risk
765,21,90,65,6.9,98.0,76,1,36.7,Mid Risk
376,55,100,65,7.8,98.0,66,0,36.7,Low Risk
972,50,120,80,15.0,98.0,70,2,36.7,High Risk
381,23,120,90,7.8,98.0,60,1,36.7,Mid Risk
288,26,85,60,6.0,101.0,86,1,38.3,Mid Risk
941,60,120,80,7.5,98.0,75,0,36.7,Low Risk
967,60,120,85,15.0,98.0,60,2,36.7,High Risk
178,40,120,95,11.0,98.0,80,2,36.7,High Risk
772,60,120,85,15.0,98.0,60,1,36.7,Mid Risk
105,34,85,60,11.0,102.0,86,2,38.9,High Risk
833,50,130,100,16.0,98.0,75,1,36.7,Mid Risk
324,25,120,90,6.9,98.0,70,0,36.7,Low Risk
726,17,85,60,9.0,102.0,86,1,38.9,Mid Risk
634,30,90,65,8.0,98.0,77,1,36.7,Mid Risk
856,48,120,80,11.0,98.0,88,1,36.7,Mid Risk
284,22,120,85,7.7,98.0,88,0,36.7,Low Risk
633,19,120,85,9.0,98.0,60,1,36.7,Mid Risk
1000,12,90,60,11.0,102.0,60,2,38.9,High Risk
843,17,90,60,9.0,102.0,86,1,38.9,Mid Risk
981,25,140,100,7.2,98.0,80,2,36.7,High Risk
742,28,85,60,9.0,101.0,86,1,38.3,Mid Risk
53,19,120,85,7.0,98.0,60,0,36.7,Low Risk
557,55,100,65,7.5,98.0,66,0,36.7,Low Risk
983,40,140,100,18.0,98.0,77,2,36.7,High Risk
882,29,100,70,6.8,98.0,80,0,36.7,Low Risk
299,19,120,80,7.0,98.0,70,1,36.7,Mid Risk
648,17,90,60,9.0,102.0,86,1,38.9,Mid Risk
93,23,120,90,7.8,98.0,60,1,36.7,Mid Risk
444,43,130,80,18.0,98.0,70,1,36.7,Mid Risk
849,10,100,50,6.0,99.0,70,1,37.2,Mid Risk
930,19,120,75,7.5,98.0,66,0,36.7,Low Risk
463,15,76,49,6.8,98.0,77,0,36.7,Low Risk
266,28,90,60,6.9,98.0,82,0,36.7,Low Risk
697,19,120,80,7.0,98.0,70,0,36.7,Low Risk
780,60,90,65,6.8,98.0,77,1,36.7,Mid Risk
364,23,100,85,6.9,98.0,66,1,36.7,Mid Risk
598,40,120,85,15.0,98.0,60,2,36.7,High Risk
775,28,115,60,7.8,101.0,86,1,38.3,Mid Risk
488,39,90,70,9.0,98.0,80,2,36.7,High Risk
831,21,120,80,7.5,98.0,77,1,36.7,Mid Risk
1008,48,120,80,11.0,98.0,88,2,36.7,High Risk
226,15,76,49,6.4,98.0,77,0,36.7,Low Risk
506,55,140,100,18.0,98.0,90,2,36.7,High Risk
378,35,100,70,7.8,98.0,66,0,36.7,Low Risk
537,19,120,75,7.5,98.0,66,0,36.7,Low Risk
46,42,120,80,7.5,98.0,70,0,36.7,Low Risk
813,29,130,70,7.5,98.0,78,1,36.7,Mid Risk
314,25,90,70,6.9,98.0,66,0,36.7,Low Risk
832,60,120,80,7.5,98.0,75,1,36.7,Mid Risk
735,17,90,63,6.9,101.0,70,1,38.3,Mid Risk
792,25,120,100,6.8,98.0,60,1,36.7,Mid Risk
810,48,120,80,11.0,98.0,88,1,36.7,Mid Risk
18,30,120,80,6.9,101.0,76,1,38.3,Mid Risk
367,35,140,100,7.8,98.0,66,2,36.7,High Risk
122,25,140,100,7.5,98.0,80,2,36.7,High Risk
143,25,120,90,6.7,101.0,80,1,38.3,Mid Risk
316,22,120,60,15.0,98.0,80,2,36.7,High Risk
862,17,120,80,6.7,102.0,76,1,38.9,Mid Risk
793,22,90,60,6.8,98.0,77,1,36.7,Mid Risk
417,60,140,80,16.0,98.0,66,2,36.7,High Risk
868,50,140,80,6.7,98.0,70,1,36.7,Mid Risk
403,19,120,85,7.8,98.0,60,1,36.7,Mid Risk
311,35,90,65,6.9,98.0,75,0,36.7,Low Risk
515,60,90,65,7.5,98.0,77,0,36.7,Low Risk
244,12,95,60,7.2,98.0,77,0,36.7,Low Risk
737,17,120,80,6.7,102.0,76,1,38.9,Mid Risk
844,32,120,90,7.0,100.0,70,1,37.8,Mid Risk
909,15,120,80,7.9,98.0,70,0,36.7,Low Risk
948,17,90,65,7.5,103.0,67,0,39.4,Low Risk
82,12,95,60,6.9,98.0,65,1,36.7,Mid Risk
23,18,90,60,7.5,98.0,70,0,36.7,Low Risk
415,60,140,90,12.0,98.0,77,2,36.7,High Risk
936,23,100,85,7.5,98.0,66,0,36.7,Low Risk
496,23,90,60,7.9,98.0,76,0,36.7,Low Risk
187,35,100,70,6.1,98.0,66,0,36.7,Low Risk
320,43,120,90,18.0,98.0,70,2,36.7,High Risk
828,20,100,90,7.5,98.0,88,1,36.7,Mid Risk
625,15,76,49,7.5,98.0,77,0,36.7,Low Risk
99,60,90,65,6.8,98.0,77,1,36.7,Mid Risk
860,17,90,63,6.9,101.0,70,1,38.3,Mid Risk
653,15,76,68,7.0,98.0,77,0,36.7,Low Risk
373,55,140,95,19.0,98.0,77,2,36.7,High Risk
310,55,120,90,6.9,98.0,76,0,36.7,Low Risk
599,55,140,95,19.0,98.0,77,2,36.7,High Risk
613,27,135,60,7.5,101.0,86,2,38.3,High Risk
114,63,140,90,15.0,98.0,90,2,36.7,High Risk
3,30,140,85,7.0,98.0,70,2,36.7,High Risk
716,17,120,80,6.7,102.0,76,1,38.9,Mid Risk
681,50,140,90,15.0,98.0,90,2,36.7,High Risk
975,48,120,80,11.0,98.0,88,2,36.7,High Risk
189,13,90,65,7.9,101.0,80,1,38.3,Mid Risk
293,23,120,80,7.7,98.0,70,0,36.7,Low Risk
469,30,120,80,6.8,101.0,76,0,38.3,Low Risk
132,35,140,100,7.5,98.0,66,2,36.7,High Risk
759,35,120,80,6.9,98.0,78,1,36.7,Mid Risk
890,30,120,80,6.8,101.0,76,0,38.3,Low Risk
401,12,120,95,7.8,98.0,60,0,36.7,Low Risk
29,28,90,60,7.2,98.0,82,0,36.7,Low Risk
614,50,120,80,15.0,98.0,70,2,36.7,High Risk
425,35,100,60,15.0,98.0,80,2,36.7,High Risk
910,17,70,50,7.9,98.0,70,0,36.7,Low Risk
384,50,120,80,7.8,98.0,70,1,36.7,Mid Risk
239,25,120,90,12.0,101.0,80,2,38.3,High Risk
785,19,120,90,6.8,98.0,60,1,36.7,Mid Risk
602,40,120,85,15.0,98.0,60,2,36.7,High Risk
68,20,110,60,7.0,100.0,70,1,37.8,Mid Risk
1007,40,120,75,7.7,98.0,70,2,36.7,High Risk
336,21,90,60,6.9,98.0,86,1,36.7,Mid Risk
464,20,120,75,6.8,98.0,70,0,36.7,Low Risk
584,32,140,90,18.0,98.0,88,2,36.7,High Risk
8,32,120,90,6.9,98.0,70,1,36.7,Mid Risk
993,25,120,90,15.0,98.0,80,2,36.7,High Risk
923,32,120,90,7.5,98.0,70,0,36.7,Low Risk
446,19,120,80,7.0,98.0,70,1,36.7,Mid Risk
684,32,140,100,6.9,98.0,78,2,36.7,High Risk
218,31,120,60,6.1,98.0,76,1,36.7,Mid Risk
301,40,120,75,7.7,98.0,70,2,36.7,High Risk
888,48,120,80,11.0,98.0,88,0,36.7,Low Risk
436,35,140,80,13.0,98.0,70,2,36.7,High Risk
569,23,120,80,7.5,98.0,70,1,36.7,Mid Risk
694,31,120,60,6.1,98.0,76,0,36.7,Low Risk
300,15,75,49,7.7,98.0,77,0,36.7,Low Risk
185,55,100,65,6.1,98.0,66,0,36.7,Low Risk
670,10,100,50,6.0,99.0,70,1,37.2,Mid Risk
754,54,130,70,12.0,98.0,67,1,36.7,Mid Risk
233,20,110,60,7.0,100.0,70,1,37.8,Mid Risk
631,50,140,95,17.0,98.0,60,2,36.7,High Risk
123,40,160,100,19.0,98.0,77,2,36.7,High Risk
265,49,120,90,6.9,98.0,77,0,36.7,Low Risk
560,22,120,85,7.5,98.0,88,0,36.7,Low Risk
153,25,120,90,7.5,98.0,80,0,36.7,Low Risk
194,25,90,70,6.1,98.0,80,0,36.7,Low Risk
808,23,120,90,7.9,98.0,70,1,36.7,Mid Risk
494,32,120,90,7.9,98.0,70,0,36.7,Low Risk
680,42,130,80,18.0,98.0,70,2,36.7,High Risk
222,32,120,90,6.4,98.0,70,0,36.7,Low Risk
576,15,78,49,7.5,98.0,77,0,36.7,Low Risk
368,54,140,100,15.0,98.0,66,2,36.7,High Risk
912,17,90,63,7.5,101.0,70,0,38.3,Low Risk
134,40,120,95,11.0,98.0,80,2,36.7,High Risk
276,12,90,60,11.0,102.0,60,2,38.9,High Risk
183,50,130,100,16.0,98.0,75,2,36.7,High Risk
410,19,120,90,6.8,98.0,60,1,36.7,Mid Risk
5,23,140,80,7.01,98.0,70,2,36.7,High Risk
764,28,120,90,6.9,98.0,70,1,36.7,Mid Risk
160,35,120,80,7.5,98.0,80,0,36.7,Low Risk
905,23,90,60,7.9,98.0,76,0,36.7,Low Risk
880,15,76,49,6.8,98.0,77,0,36.7,Low Risk
823,29,130,70,7.5,98.0,78,1,36.7,Mid Risk
588,12,90,60,7.5,102.0,66,1,38.9,Mid Risk
215,50,140,80,6.7,98.0,70,1,36.7,Mid Risk
188,22,120,85,6.1,98.0,88,0,36.7,Low Risk
11,19,120,80,7.0,98.0,70,1,36.7,Mid Risk
698,15,76,68,7.0,98.0,77,0,36.7,Low Risk
867,28,85,60,9.0,101.0,86,1,38.3,Mid Risk
21,50,140,80,6.7,98.0,70,1,36.7,Mid Risk
471,42,140,100,18.0,98.0,90,2,36.7,High Risk
66,17,85,60,9.0,102.0,86,1,38.9,Mid Risk
490,31,120,60,6.1,98.0,76,1,36.7,Mid Risk
643,39,110,70,7.9,98.0,80,1,36.7,Mid Risk
353,40,120,90,6.9,98.0,80,2,36.7,High Risk
1002,55,140,95,19.0,98.0,77,2,36.7,High Risk
841,39,110,70,7.9,98.0,80,1,36.7,Mid Risk
553,60,120,85,15.0,98.0,60,1,36.7,Mid Risk
978,29,120,75,7.2,100.0,70,2,37.8,High Risk
118,32,140,100,7.9,98.0,78,2,36.7,High Risk
565,59,120,80,7.5,98.0,70,0,36.7,Low Risk
705,21,100,50,6.8,98.0,60,0,36.7,Low Risk
341,45,90,60,18.0,101.0,70,2,38.3,High Risk
290,19,90,70,7.7,98.0,80,0,36.7,Low Risk
109,32,140,100,7.9,98.0,78,2,36.7,High Risk
334,55,120,90,12.0,98.0,70,1,36.7,Mid Risk
1005,17,90,65,7.7,103.0,67,2,39.4,High Risk
398,15,120,80,7.8,98.0,70,0,36.7,Low Risk
165,19,120,75,7.2,98.0,66,0,36.7,Low Risk
934,12,90,60,7.5,102.0,66,0,38.9,Low Risk
173,23,100,85,7.1,98.0,66,0,36.7,Low Risk
968,55,140,95,19.0,98.0,77,2,36.7,High Risk
83,28,120,90,6.9,98.0,70,1,36.7,Mid Risk
452,25,140,100,6.8,98.0,80,2,36.7,High Risk
245,37,120,90,11.0,98.0,88,2,36.7,High Risk
260,16,100,70,6.9,98.0,80,0,36.7,Low Risk
801,23,130,70,6.8,98.0,78,1,36.7,Mid Risk
110,50,140,95,17.0,98.0,60,2,36.7,High Risk
687,17,110,75,12.0,101.0,76,2,38.3,High Risk
955,40,140,100,18.0,98.0,90,2,36.7,High Risk
486,38,135,60,7.9,101.0,86,2,38.3,High Risk
210,50,140,95,17.0,98.0,60,2,36.7,High Risk
414,27,120,90,6.8,102.0,68,1,38.9,Mid Risk
221,17,85,60,9.0,102.0,86,1,38.9,Mid Risk
45,32,120,90,7.5,98.0,70,0,36.7,Low Risk
434,27,120,70,6.8,98.0,77,0,36.7,Low Risk
915,19,90,65,7.5,101.0,70,0,38.3,Low Risk
204,15,76,49,7.5,98.0,77,0,36.7,Low Risk
111,38,135,60,7.9,101.0,86,2,38.3,High Risk
422,36,140,100,6.8,102.0,76,2,38.9,High Risk
932,49,120,90,7.5,98.0,77,0,36.7,Low Risk
392,42,120,80,7.8,98.0,70,0,36.7,Low Risk
283,35,100,70,7.7,98.0,66,0,36.7,Low Risk
651,23,90,60,6.7,98.0,76,0,36.7,Low Risk
327,56,120,80,13.0,98.0,70,2,36.7,High Risk
16,50,140,90,15.0,98.0,90,2,36.7,High Risk
661,15,70,50,6.0,98.0,70,1,36.7,Mid Risk
453,29,100,70,6.8,98.0,80,0,36.7,Low Risk
17,25,140,100,7.01,98.0,80,2,36.7,High Risk
24,21,120,80,7.5,98.0,76,0,36.7,Low Risk
685,14,90,65,7.0,101.0,70,2,38.3,High Risk
214,28,85,60,9.0,101.0,86,1,38.3,Mid Risk
50,25,120,80,7.0,98.0,66,0,36.7,Low Risk
97,19,120,80,7.0,98.0,70,1,36.7,Mid Risk
465,48,120,80,11.0,98.0,88,0,36.7,Low Risk
886,15,76,49,6.8,98.0,77,0,36.7,Low Risk
895,48,120,80,11.0,98.0,88,0,36.7,Low Risk
624,19,120,80,7.0,98.0,70,1,36.7,Mid Risk
903,32,120,90,7.9,98.0,70,0,36.7,Low Risk
524,32,120,90,7.5,98.0,70,0,36.7,Low Risk
76,22,85,60,6.9,98.0,76,1,36.7,Mid Risk
727,19,120,80,7.0,98.0,70,1,36.7,Mid Risk
655,48,120,80,11.0,98.0,88,2,36.7,High Risk
55,23,120,90,6.7,98.0,70,0,36.7,Low Risk
652,19,120,80,7.0,98.0,70,0,36.7,Low Risk
41,23,120,90,6.1,98.0,60,0,36.7,Low Risk
56,32,120,90,6.4,98.0,70,0,36.7,Low Risk
252,28,120,90,6.9,98.0,70,0,36.7,Low Risk
58,23,90,60,6.4,98.0,76,0,36.7,Low Risk
871,29,130,70,6.7,98.0,78,1,36.7,Mid Risk
861,25,120,90,6.7,101.0,80,1,38.3,Mid Risk
840,50,120,80,7.0,98.0,70,1,36.7,Mid Risk
268,20,100,90,7.0,98.0,88,0,36.7,Low Risk
347,21,100,85,6.9,98.0,70,0,36.7,Low Risk
654,34,120,75,8.0,98.0,70,0,36.7,Low Risk
119,30,140,100,15.0,98.0,70,2,36.7,High Risk
822,23,120,80,7.5,98.0,70,1,36.7,Mid Risk
135,22,90,60,7.5,102.0,60,2,38.9,High Risk
163,21,120,80,7.5,98.0,76,0,36.7,Low Risk
738,13,90,65,7.9,101.0,80,1,38.3,Mid Risk
449,48,120,80,11.0,98.0,88,2,36.7,High Risk
836,19,120,80,7.0,98.0,70,1,36.7,Mid Risk
839,28,85,60,9.0,101.0,86,1,38.3,Mid Risk
904,42,120,80,7.9,98.0,70,0,36.7,Low Risk
960,40,120,90,12.0,98.0,80,2,36.7,High Risk
741,19,120,80,7.0,98.0,70,1,36.7,Mid Risk
788,27,120,90,6.8,102.0,68,1,38.9,Mid Risk
511,25,120,90,7.5,101.0,80,0,38.3,Low Risk
35,12,95,60,6.1,102.0,60,0,38.9,Low Risk
388,23,120,70,7.8,98.0,70,0,36.7,Low Risk
805,19,120,80,7.0,98.0,70,1,36.7,Mid Risk
304,25,120,80,7.7,98.0,66,0,36.7,Low Risk
627,48,120,80,11.0,98.0,88,2,36.7,High Risk
235,28,120,80,9.0,102.0,76,2,38.9,High Risk
363,32,140,90,18.0,98.0,88,2,36.7,High Risk
103,25,140,100,6.8,98.0,80,2,36.7,High Risk
564,28,115,60,7.5,101.0,86,1,38.3,Mid Risk
855,20,120,75,7.01,100.0,70,1,37.8,Mid Risk
195,30,120,80,6.1,98.0,70,0,36.7,Low Risk
247,21,100,85,6.9,98.0,70,0,36.7,Low Risk
615,34,110,70,7.0,98.0,80,2,36.7,High Risk
877,27,120,70,6.8,98.0,77,0,36.7,Low Risk
945,22,120,85,7.5,98.0,88,0,36.7,Low Risk
508,32,140,100,7.9,98.0,78,2,36.7,High Risk
397,48,120,80,11.0,98.0,88,2,36.7,High Risk
595,40,120,95,11.0,98.0,80,2,36.7,High Risk
113,30,140,100,15.0,98.0,70,2,36.7,High Risk
644,25,140,100,15.0,98.6,70,2,37.0,High Risk
43,30,120,80,6.1,98.0,70,0,36.7,Low Risk
146,15,80,60,6.7,98.0,80,0,36.7,Low Risk
721,28,85,60,9.0,101.0,86,1,38.3,Mid Risk
734,17,90,60,6.9,101.0,76,1,38.3,Mid Risk
20,40,140,100,18.0,98.0,90,2,36.7,High Risk
881,15,120,80,6.8,98.0,70,0,36.7,Low Risk
294,29,130,70,7.7,98.0,78,1,36.7,Mid Risk
482,50,140,95,17.0,98.0,60,2,36.7,High Risk
242,15,80,60,7.0,98.0,80,0,36.7,Low Risk
548,35,140,100,7.5,98.0,66,2,36.7,High Risk
519,30,140,100,15.0,98.0,70,2,36.7,High Risk
270,22,120,90,7.0,98.0,82,0,36.7,Low Risk
773,13,90,65,7.8,101.0,80,1,38.3,Mid Risk
929,16,100,70,7.5,98.0,80,0,36.7,Low Risk
850,12,100,50,6.4,98.0,70,1,36.7,Mid Risk
942,55,100,65,7.5,98.0,66,0,36.7,Low Risk
407,22,100,65,6.8,98.0,88,0,36.7,Low Risk
938,21,120,80,7.5,98.0,77,0,36.7,Low Risk
691,15,120,80,7.5,98.0,70,0,36.7,Low Risk
902,17,85,60,7.9,102.0,86,0,38.9,Low Risk
80,16,90,65,6.9,98.0,76,1,36.7,Mid Risk
313,62,120,80,6.9,98.0,66,0,36.7,Low Risk
229,15,120,80,7.2,98.0,70,0,36.7,Low Risk
502,63,140,90,15.0,98.0,90,2,36.7,High Risk
718,31,120,60,6.1,98.0,76,1,36.7,Mid Risk
513,19,90,65,7.5,101.0,70,0,38.3,Low Risk
26,19,120,75,7.2,98.0,66,0,36.7,Low Risk
776,50,120,80,7.8,98.0,70,1,36.7,Mid Risk
645,31,120,60,6.1,98.0,76,0,36.7,Low Risk
552,12,90,60,7.5,102.0,60,0,38.9,Low Risk
14,48,120,80,11.0,98.0,88,1,36.7,Mid Risk
365,22,120,90,7.8,98.0,82,1,36.7,Mid Risk
559,35,100,70,7.5,98.0,66,0,36.7,Low Risk
1010,55,120,90,18.0,98.0,60,2,36.7,High Risk
224,23,90,60,6.4,98.0,76,0,36.7,Low Risk
57,42,120,80,6.4,98.0,70,0,36.7,Low Risk
87,16,100,70,6.9,98.0,80,1,36.7,Mid Risk
395,15,76,49,7.8,98.0,77,0,36.7,Low Risk
468,25,140,100,6.8,98.0,80,2,36.7,High Risk
89,23,100,85,6.9,98.0,66,1,36.7,Mid Risk
568,31,120,60,6.1,98.0,76,1,36.7,Mid Risk
318,54,130,70,12.0,98.0,67,1,36.7,Mid Risk
593,35,140,100,7.5,98.0,66,2,36.7,High Risk
796,23,130,70,6.8,98.0,78,1,36.7,Mid Risk
335,35,120,80,6.9,98.0,78,1,36.7,Mid Risk
426,40,140,100,13.0,101.0,66,2,38.3,High Risk
162,18,90,60,7.5,98.0,70,0,36.7,Low Risk
77,55,120,90,12.0,98.0,70,1,36.7,Mid Risk
15,15,120,80,7.01,98.0,70,0,36.7,Low Risk
386,30,120,80,7.8,98.0,70,0,36.7,Low Risk
333,22,85,60,6.9,98.0,76,1,36.7,Mid Risk
27,22,100,65,7.2,98.0,70,0,36.7,Low Risk
47,23,90,60,7.5,98.0,76,0,36.7,Low Risk
19,10,70,50,6.9,98.0,70,0,36.7,Low Risk
935,20,100,90,7.5,98.0,88,0,36.7,Low Risk
540,22,100,65,7.5,98.0,70,0,36.7,Low Risk
492,29,130,70,7.9,98.0,78,1,36.7,Mid Risk
174,22,120,90,7.1,98.0,82,0,36.7,Low Risk
606,55,100,65,7.5,98.0,66,0,36.7,Low Risk
177,54,140,100,15.0,98.0,66,2,36.7,High Risk
988,25,120,90,12.0,101.0,80,2,38.3,High Risk
227,29,120,75,7.2,100.0,70,2,37.8,High Risk
102,48,140,90,15.0,98.0,90,2,36.7,High Risk
85,18,90,60,6.9,98.0,70,1,36.7,Mid Risk
829,23,100,85,7.5,98.0,66,1,36.7,Mid Risk
69,32,120,65,6.0,101.0,76,1,38.3,Mid Risk
724,31,120,60,6.1,98.0,76,1,36.7,Mid Risk
963,12,90,60,7.9,102.0,66,2,38.9,High Risk
713,17,90,60,6.9,101.0,76,1,38.3,Mid Risk
308,19,120,85,6.9,98.0,60,0,36.7,Low Risk
979,48,120,80,11.0,98.0,88,2,36.7,High Risk
92,13,90,65,7.8,101.0,80,1,38.3,Mid Risk
575,19,120,80,7.0,98.0,70,0,36.7,Low Risk
532,49,140,90,15.0,98.0,90,2,36.7,High Risk
632,35,100,70,11.0,98.0,60,2,36.7,High Risk
940,12,90,60,7.5,102.0,60,0,38.9,Low Risk
25,16,100,70,7.2,98.0,80,0,36.7,Low Risk
590,23,100,85,7.5,98.0,66,1,36.7,Mid Risk
667,15,90,49,6.0,98.0,77,0,36.7,Low Risk
447,15,76,49,6.8,98.0,77,0,36.7,Low Risk
305,22,100,65,6.9,98.0,80,0,36.7,Low Risk
767,21,120,80,6.9,98.0,76,1,36.7,Mid Risk
677,30,140,85,7.0,98.0,70,2,36.7,High Risk
612,17,90,65,7.5,103.0,67,1,39.4,Mid Risk
838,30,90,65,8.0,98.0,77,1,36.7,Mid Risk
179,21,75,50,6.1,98.0,70,0,36.7,Low Risk
54,60,90,65,7.0,98.0,77,0,36.7,Low Risk
231,25,140,100,7.2,98.0,80,2,36.7,High Risk
390,17,85,69,7.8,102.0,86,2,38.9,High Risk
262,40,160,100,19.0,98.0,77,2,36.7,High Risk
660,30,120,80,9.0,101.0,76,1,38.3,Mid Risk
641,28,95,60,10.0,101.0,86,2,38.3,High Risk
380,13,90,65,7.8,101.0,80,1,38.3,Mid Risk
147,15,100,65,6.7,98.0,76,0,36.7,Low Risk
678,23,140,80,7.01,98.0,70,2,36.7,High Risk
389,29,130,70,7.8,98.0,78,1,36.7,Mid Risk
385,19,90,70,7.8,98.0,80,0,36.7,Low Risk
312,51,85,60,6.9,98.0,66,0,36.7,Low Risk
144,17,120,80,6.7,102.0,76,1,38.9,Mid Risk
984,28,120,80,9.0,102.0,76,2,38.9,High Risk
33,21,120,80,7.1,98.0,77,0,36.7,Low Risk
521,23,120,90,7.5,98.0,70,0,36.7,Low Risk
349,25,120,90,6.9,98.0,80,0,36.7,Low Risk
348,17,110,75,6.9,101.0,76,2,38.3,High Risk
807,31,120,60,6.1,98.0,76,1,36.7,Mid Risk
586,49,120,90,7.5,98.0,77,1,36.7,Mid Risk
419,17,140,100,6.8,103.0,80,2,39.4,High Risk
104,23,140,90,6.8,98.0,70,2,36.7,High Risk
137,55,140,95,19.0,98.0,77,2,36.7,High Risk
28,49,120,90,7.2,98.0,77,0,36.7,Low Risk
112,39,90,70,9.0,98.0,80,2,36.7,High Risk
674,15,100,60,6.0,98.0,80,0,36.7,Low Risk
900,60,90,65,7.9,98.0,77,0,36.7,Low Risk
352,28,120,90,6.9,98.0,70,1,36.7,Mid Risk
81,33,115,65,7.0,98.0,70,1,36.7,Mid Risk
44,23,120,90,6.1,98.0,70,0,36.7,Low Risk
752,29,130,70,7.7,98.0,78,1,36.7,Mid Risk
277,60,120,85,15.0,98.0,60,2,36.7,High Risk
206,48,120,80,11.0,98.0,88,2,36.7,High Risk
541,49,120,90,7.5,98.0,77,0,36.7,Low Risk
138,50,130,100,16.0,98.0,75,2,36.7,High Risk
192,28,83,60,8.0,101.0,86,2,38.3,High Risk
914,17,120,80,7.5,102.0,76,0,38.9,Low Risk
230,50,140,90,15.0,98.0,77,2,36.7,High Risk
48,15,76,49,7.5,98.0,77,0,36.7,Low Risk
547,21,120,80,7.5,98.0,77,0,36.7,Low Risk
379,22,120,85,7.8,98.0,88,0,36.7,Low Risk
126,54,140,100,15.0,98.0,66,2,36.7,High Risk
257,21,90,65,6.9,98.0,76,0,36.7,Low Risk
278,55,140,95,19.0,98.0,77,2,36.7,High Risk
315,21,120,80,6.9,98.0,88,0,36.7,Low Risk
630,22,100,65,12.0,98.0,80,2,36.7,High Risk
520,31,120,60,6.1,98.0,76,0,36.7,Low Risk
42,25,90,70,6.1,98.0,80,0,36.7,Low Risk
549,54,140,100,15.0,98.0,66,2,36.7,High Risk
170,28,90,60,7.2,98.0,82,0,36.7,Low Risk
145,14,90,65,7.0,101.0,70,2,38.3,High Risk
117,55,140,100,18.0,98.0,90,2,36.7,High Risk
273,54,140,100,15.0,98.0,66,2,36.7,High Risk
980,50,140,90,15.0,98.0,77,2,36.7,High Risk
629,24,120,80,7.5,98.0,66,0,36.7,Low Risk
303,15,120,80,7.7,98.0,70,0,36.7,Low Risk
200,32,120,90,7.5,98.0,70,0,36.7,Low Risk
656,15,120,80,6.6,99.0,70,0,37.2,Low Risk
287,17,90,65,7.7,103.0,67,2,39.4,High Risk
587,28,90,60,7.5,98.0,82,1,36.7,Mid Risk
795,35,120,60,6.1,98.0,76,1,36.7,Mid Risk
451,48,140,90,15.0,98.0,90,2,36.7,High Risk
208,25,120,80,7.0,98.0,66,0,36.7,Low Risk
256,35,120,80,6.9,98.0,80,0,36.7,Low Risk
237,17,90,60,11.0,101.0,78,2,38.3,High Risk
408,12,120,95,6.8,98.0,60,1,36.7,Mid Risk
498,15,76,49,7.9,98.0,77,0,36.7,Low Risk
803,19,120,80,7.0,98.0,70,1,36.7,Mid Risk
585,22,100,65,7.5,98.0,70,1,36.7,Mid Risk
443,32,120,90,6.8,98.0,70,0,36.7,Low Risk
429,22,90,60,6.8,98.0,77,1,36.7,Mid Risk
450,15,120,80,6.8,98.0,70,0,36.7,Low Risk
706,23,130,70,7.01,98.0,78,1,36.7,Mid Risk
505,17,70,50,7.9,98.0,70,0,36.7,Low Risk
998,54,140,100,15.0,98.0,66,2,36.7,High Risk
987,17,90,63,8.0,101.0,70,2,38.3,High Risk
328,35,90,70,6.9,98.0,70,0,36.7,Low Risk
196,31,120,60,6.1,98.0,76,1,36.7,Mid Risk
864,31,120,60,6.1,98.0,76,1,36.7,Mid Risk
673,12,100,50,6.4,98.0,70,1,36.7,Mid Risk
925,42,90,60,7.5,98.0,76,0,36.7,Low Risk
743,50,140,80,6.7,98.0,70,1,36.7,Mid Risk
67,19,120,80,7.0,98.0,70,1,36.7,Mid Risk
489,30,140,100,15.0,98.0,70,2,36.7,High Risk
701,15,90,60,6.0,98.0,80,0,36.7,Low Risk
201,42,120,80,7.5,98.0,70,0,36.7,Low Risk
259,21,120,80,6.9,98.0,76,0,36.7,Low Risk
116,30,120,80,7.9,101.0,76,2,38.3,High Risk
761,16,90,65,6.9,98.0,76,1,36.7,Mid Risk
901,50,120,80,7.9,98.0,70,0,36.7,Low Risk
693,19,120,60,7.0,98.4,70,0,36.9,Low Risk
249,25,120,90,15.0,98.0,80,2,36.7,High Risk
306,12,120,95,6.9,98.0,60,0,36.7,Low Risk
783,12,120,95,6.8,98.0,60,1,36.7,Mid Risk
616,32,120,80,7.5,98.0,70,0,36.7,Low Risk
712,18,120,80,6.9,102.0,76,1,38.9,Mid Risk
954,25,140,100,7.01,98.0,80,2,36.7,High Risk
456,23,140,90,6.8,98.0,70,2,36.7,High Risk
225,19,120,80,7.0,98.0,70,1,36.7,Mid Risk
974,33,120,75,10.0,98.0,70,2,36.7,High Risk
484,19,120,85,7.9,98.0,60,0,36.7,Low Risk
164,16,100,70,7.2,98.0,80,0,36.7,Low Risk
784,35,100,70,6.8,98.0,60,1,36.7,Mid Risk
168,22,100,65,7.2,98.0,70,0,36.7,Low Risk
695,23,120,85,8.0,98.0,70,0,36.7,Low Risk
682,25,140,100,7.01,98.0,80,2,36.7,High Risk
317,55,120,90,18.0,98.0,60,2,36.7,High Risk
337,45,120,80,6.9,103.0,70,0,39.4,Low Risk
782,25,120,80,6.8,98.0,66,1,36.7,Mid Risk
416,55,100,70,6.8,101.0,80,1,38.3,Mid Risk
213,60,90,65,7.0,98.0,77,0,36.7,Low Risk
756,23,130,70,6.9,98.0,70,1,36.7,Mid Risk
59,15,76,49,6.4,98.0,77,0,36.7,Low Risk
897,22,100,65,7.9,98.0,80,0,36.7,Low Risk
1012,43,120,90,18.0,98.0,70,2,36.7,High Risk
481,22,100,65,7.9,98.0,80,0,36.7,Low Risk
458,34,85,60,11.0,102.0,86,2,38.9,High Risk
309,60,90,65,6.9,98.0,77,0,36.7,Low Risk
326,66,85,60,6.9,98.0,86,0,36.7,Low Risk
